generation,timestamp,elapsed_seconds,population_size,best_fitness,worst_fitness,avg_fitness,best_student_satisfaction,best_professor_satisfaction,best_fairness,avg_student_satisfaction,avg_professor_satisfaction,avg_fairness,total_capacity_violations,total_field_mismatches
0,2026-07-19T18:09:14.796624,0.0,100,0.0,0.0,0.0,0.638876,0.196402,0.107367,0.505841,0.1692,0.034538,948.0,1311
1,2026-07-19T18:09:15.154018,0.36,100,0.0,0.0,0.0,0.638876,0.196402,0.10721,0.527398,0.172933,0.026405,909.0,1246
2,2026-07-19T18:09:15.384827,0.59,100,0.0,0.0,0.0,0.638876,0.198604,0.10721,0.544058,0.178104,0.025982,889.0,1155
3,2026-07-19T18:09:15.710735,0.92,100,0.0,0.0,0.0,0.638876,0.199332,0.10721,0.556556,0.180357,0.024487,898.0,1102
4,2026-07-19T18:09:16.170073,1.37,100,0.0,0.0,0.0,0.638876,0.205561,0.072802,0.565338,0.178778,0.021531,869.0,1079
5,2026-07-19T18:09:16.743580,1.95,100,0.0,0.0,0.0,0.659233,0.205561,0.072802,0.559551,0.18082,0.021244,906.0,1082
6,2026-07-19T18:09:17.309475,2.51,100,0.0,0.0,0.0,0.659233,0.205561,0.076109,0.562199,0.183463,0.021072,908.0,1031
7,2026-07-19T18:09:17.820015,3.02,100,0.0,0.0,0.0,0.660741,0.205561,0.076109,0.56371,0.182724,0.020399,872.0,1023
8,2026-07-19T18:09:18.407946,3.61,100,0.0,0.0,0.0,0.666131,0.205561,0.076109,0.583439,0.185021,0.022296,869.0,880
9,2026-07-19T18:09:18.918442,4.12,100,0.0,0.0,0.0,0.683611,0.205561,0.084454,0.599682,0.188289,0.023666,847.0,754
10,2026-07-19T18:09:19.410839,4.62,100,0.0,0.0,0.0,0.683611,0.205561,0.090999,0.604839,0.189266,0.02462,851.0,709
11,2026-07-19T18:09:19.995419,5.2,100,0.0,0.0,0.0,0.683611,0.205843,0.090999,0.608101,0.190639,0.024633,825.0,705
12,2026-07-19T18:09:20.542858,5.75,100,0.0,0.0,0.0,0.7,0.205843,0.090999,0.606737,0.191477,0.026115,862.0,677
13,2026-07-19T18:09:21.058230,6.26,100,0.0,0.0,0.0,0.720139,0.205843,0.090999,0.607105,0.193133,0.022691,850.0,641
14,2026-07-19T18:09:21.635011,6.84,100,0.0,0.0,0.0,0.720139,0.206807,0.072121,0.605925,0.191665,0.019407,857.0,685
15,2026-07-19T18:09:22.118218,7.32,100,0.0,0.0,0.0,0.721825,0.206807,0.072121,0.621102,0.19418,0.01973,863.0,610
16,2026-07-19T18:09:22.652452,7.86,100,0.0,0.0,0.0,0.721825,0.206807,0.064093,0.628218,0.195595,0.018531,869.0,541
17,2026-07-19T18:09:23.199014,8.4,100,0.0,0.0,0.0,0.721825,0.207389,0.064093,0.630013,0.193953,0.017551,885.0,564
18,2026-07-19T18:09:23.677705,8.88,100,0.0,0.0,0.0,0.749028,0.207389,0.064093,0.635359,0.194772,0.016819,856.0,546
19,2026-07-19T18:09:24.183283,9.39,100,0.0,0.0,0.0,0.749028,0.207389,0.060582,0.642573,0.197274,0.015924,859.0,489
20,2026-07-19T18:09:24.667232,9.87,100,0.0,0.0,0.0,0.749028,0.207389,0.060354,0.642062,0.19794,0.014801,817.0,465
21,2026-07-19T18:09:25.167564,10.37,100,0.0,0.0,0.0,0.75377,0.207389,0.061872,0.635916,0.197075,0.01386,797.0,497
22,2026-07-19T18:09:25.664517,10.87,100,0.0,0.0,0.0,0.75377,0.207389,0.061872,0.645264,0.196913,0.012903,823.0,489
23,2026-07-19T18:09:26.289624,11.49,100,0.0,0.0,0.0,0.75377,0.207389,0.061872,0.659299,0.197811,0.013661,809.0,468
24,2026-07-19T18:09:26.852702,12.06,100,0.0,0.0,0.0,0.75377,0.207389,0.061872,0.667454,0.197908,0.013917,812.0,482
25,2026-07-19T18:09:27.406282,12.61,100,0.0,0.0,0.0,0.756019,0.207389,0.061872,0.678952,0.198689,0.014553,792.0,455
26,2026-07-19T18:09:27.937753,13.14,100,0.0,0.0,0.0,0.757798,0.207389,0.061872,0.692927,0.19795,0.015674,809.0,469
27,2026-07-19T18:09:28.496281,13.7,100,0.0,0.0,0.0,0.757798,0.207389,0.061872,0.689081,0.197721,0.013444,812.0,473
28,2026-07-19T18:09:29.073035,14.28,100,0.0,0.0,0.0,0.757798,0.207389,0.061872,0.683541,0.196756,0.013101,831.0,506
29,2026-07-19T18:09:29.574704,14.78,100,0.0,0.0,0.0,0.783333,0.207389,0.061872,0.689592,0.195815,0.011577,804.0,526
30,2026-07-19T18:09:30.025426,15.23,100,0.0,0.0,0.0,0.784722,0.207389,0.047081,0.699835,0.198955,0.011536,771.0,410
31,2026-07-19T18:09:30.678154,15.88,100,0.0,0.0,0.0,0.784722,0.207389,0.047081,0.702003,0.200129,0.010896,749.0,365
32,2026-07-19T18:09:31.231839,16.44,100,0.0,0.0,0.0,0.790278,0.207389,0.047081,0.705835,0.200054,0.010261,737.0,369
33,2026-07-19T18:09:31.858399,17.06,100,0.0,0.0,0.0,0.798611,0.207389,0.047081,0.711377,0.200307,0.010606,712.0,348
34,2026-07-19T18:09:32.365089,17.57,100,0.0,0.0,0.0,0.798611,0.207389,0.047081,0.715731,0.201134,0.010547,698.0,304
35,2026-07-19T18:09:32.978616,18.18,100,0.0,0.0,0.0,0.798611,0.207389,0.047081,0.713147,0.200305,0.009838,704.0,340
36,2026-07-19T18:09:33.454936,18.66,100,0.0,0.0,0.0,0.798611,0.207389,0.047081,0.719086,0.20078,0.008909,687.0,331
37,2026-07-19T18:09:33.948623,19.15,100,0.0,0.0,0.0,0.798611,0.207389,0.045925,0.712193,0.199327,0.009369,707.0,377
38,2026-07-19T18:09:34.376970,19.58,100,0.0,0.0,0.0,0.798611,0.207389,0.019528,0.705266,0.198291,0.005869,713.0,425
39,2026-07-19T18:09:34.861252,20.07,100,0.0,0.0,0.0,0.798611,0.207389,0.031933,0.708522,0.196949,0.006029,730.0,479
40,2026-07-19T18:09:35.590691,20.8,100,0.0,0.0,0.0,0.798611,0.207389,0.031933,0.711475,0.195897,0.006122,716.0,489
41,2026-07-19T18:09:36.282771,21.49,100,0.0,0.0,0.0,0.798611,0.207389,0.019528,0.70727,0.193074,0.004858,740.0,592
42,2026-07-19T18:09:36.836385,22.04,100,0.0,0.0,0.0,0.798611,0.207389,0.019528,0.706861,0.19232,0.004991,730.0,592
43,2026-07-19T18:09:37.352976,22.56,100,0.0,0.0,0.0,0.798611,0.207389,0.019528,0.705964,0.191705,0.005304,727.0,587
44,2026-07-19T18:09:37.924981,23.13,100,0.0,0.0,0.0,0.798611,0.207389,0.019528,0.707931,0.19221,0.005147,737.0,573
45,2026-07-19T18:09:38.492556,23.7,100,0.0,0.0,0.0,0.798611,0.207389,0.019528,0.70953,0.192642,0.00507,728.0,564
46,2026-07-19T18:09:39.094274,24.3,100,0.0,0.0,0.0,0.820833,0.207389,0.033189,0.715281,0.193821,0.005293,725.0,535
47,2026-07-19T18:09:39.578554,24.78,100,0.0,0.0,0.0,0.820833,0.207389,0.033189,0.718311,0.194615,0.00557,725.0,516
48,2026-07-19T18:09:40.111258,25.32,100,0.0,0.0,0.0,0.820833,0.207389,0.033189,0.730017,0.197988,0.00644,704.0,427
49,2026-07-19T18:09:40.670553,25.88,100,0.0,0.0,0.0,0.820833,0.207389,0.033189,0.72426,0.196942,0.005521,718.0,461
50,2026-07-19T18:09:41.153972,26.36,100,0.0,0.0,0.0,0.820833,0.207389,0.033257,0.741364,0.200366,0.006928,694.0,347
51,2026-07-19T18:09:41.787429,26.99,100,0.0,0.0,0.0,0.820833,0.207389,0.033257,0.747949,0.200998,0.008265,674.0,307
52,2026-07-19T18:09:42.350663,27.56,100,0.0,0.0,0.0,0.820833,0.207389,0.033189,0.750959,0.201236,0.008553,671.0,290
53,2026-07-19T18:09:43.127330,28.33,100,0.0,0.0,0.0,0.825,0.207389,0.033189,0.752186,0.201729,0.008864,667.0,265
54,2026-07-19T18:09:43.725286,28.93,100,0.0,0.0,0.0,0.825,0.207389,0.024701,0.761311,0.203725,0.009259,654.0,191
55,2026-07-19T18:09:44.217149,29.42,100,0.0,0.0,0.0,0.825,0.207389,0.024701,0.76299,0.203439,0.007939,685.0,213
56,2026-07-19T18:09:44.793598,30.0,100,0.0,0.0,0.0,0.825,0.207389,0.024701,0.763475,0.203335,0.007491,697.0,232
57,2026-07-19T18:09:45.321855,30.53,100,0.0,0.0,0.0,0.825,0.207389,0.024701,0.763503,0.202958,0.006973,710.0,257
58,2026-07-19T18:09:45.858729,31.06,100,0.0,0.0,0.0,0.827778,0.207389,0.024701,0.768851,0.20469,0.007481,665.0,193
59,2026-07-19T18:09:46.415540,31.62,100,0.0,0.0,0.0,0.827778,0.207389,0.024701,0.775397,0.205165,0.007913,645.0,168
60,2026-07-19T18:09:46.974315,32.18,100,0.0,0.0,0.0,0.827778,0.207389,0.024701,0.777399,0.205321,0.008381,636.0,154
61,2026-07-19T18:09:47.492681,32.7,100,0.0,0.0,0.0,0.827778,0.207389,0.024701,0.774319,0.204922,0.008421,637.0,180
62,2026-07-19T18:09:47.996624,33.2,100,0.0,0.0,0.0,0.827778,0.207389,0.024701,0.77642,0.204657,0.008131,632.0,198
63,2026-07-19T18:09:48.630242,33.83,100,0.0,0.0,0.0,0.833889,0.207389,0.024701,0.772439,0.204226,0.008087,650.0,221
64,2026-07-19T18:09:49.112029,34.32,100,0.0,0.0,0.0,0.833889,0.207389,0.024701,0.772864,0.204025,0.008162,651.0,230
65,2026-07-19T18:09:49.626732,34.83,100,0.0,0.0,0.0,0.833889,0.207389,0.024701,0.777014,0.2043,0.008432,642.0,214
66,2026-07-19T18:09:50.089669,35.29,100,0.0,0.0,0.0,0.833889,0.207389,0.024701,0.777213,0.204105,0.008789,634.0,216
67,2026-07-19T18:09:50.616897,35.82,100,0.0,0.0,0.0,0.833889,0.207389,0.024701,0.780502,0.204298,0.008546,622.0,214
68,2026-07-19T18:09:51.131261,36.34,100,0.0,0.0,0.0,0.833889,0.207389,0.028644,0.777525,0.203558,0.007495,649.0,250
69,2026-07-19T18:09:51.676823,36.88,100,0.0,0.0,0.0,0.833889,0.207389,0.024701,0.781547,0.204178,0.007614,626.0,219
70,2026-07-19T18:09:52.266910,37.47,100,0.0,0.0,0.0,0.833889,0.207389,0.024701,0.785054,0.204572,0.008644,588.0,183
71,2026-07-19T18:09:52.822783,38.03,100,0.0,0.0,0.0,0.833889,0.207389,0.02513,0.786811,0.204908,0.009216,564.0,155
72,2026-07-19T18:09:53.476776,38.68,100,0.0,0.0,0.0,0.833889,0.207389,0.02513,0.786458,0.204849,0.008598,565.0,161
73,2026-07-19T18:09:54.037730,39.24,100,0.0,0.0,0.0,0.833889,0.207389,0.028224,0.787436,0.204444,0.00792,577.0,186
74,2026-07-19T18:09:54.662683,39.87,100,0.0,0.0,0.0,0.833889,0.207389,0.028224,0.785234,0.204142,0.008203,599.0,199
75,2026-07-19T18:09:55.255873,40.46,100,0.0,0.0,0.0,0.833889,0.207389,0.028224,0.788174,0.204496,0.00861,586.0,187
76,2026-07-19T18:09:55.938563,41.14,100,0.0,0.0,0.0,0.836111,0.207389,0.025321,0.790454,0.204704,0.008325,582.0,176
77,2026-07-19T18:09:56.608637,41.81,100,0.0,0.0,0.0,0.836111,0.207389,0.025321,0.787922,0.204744,0.007625,580.0,166
78,2026-07-19T18:09:57.158922,42.36,100,0.0,0.0,0.0,0.836111,0.207389,0.025321,0.785208,0.204504,0.006214,596.0,186
79,2026-07-19T18:09:57.747216,42.95,100,0.0,0.0,0.0,0.836111,0.207389,0.025321,0.785684,0.204433,0.006073,587.0,187
80,2026-07-19T18:09:58.278472,43.48,100,0.0,0.0,0.0,0.838889,0.207389,0.025341,0.79248,0.20518,0.006552,559.0,152
81,2026-07-19T18:09:58.883173,44.09,100,0.0,0.0,0.0,0.848611,0.207389,0.025341,0.793805,0.204847,0.006747,600.0,178
82,2026-07-19T18:09:59.483441,44.69,100,0.0,0.0,0.0,0.848611,0.207389,0.025341,0.794611,0.20482,0.006558,595.0,180
83,2026-07-19T18:10:00.059190,45.26,100,0.0,0.0,0.0,0.848611,0.207389,0.02496,0.793371,0.204661,0.006404,592.0,184
84,2026-07-19T18:10:00.653148,45.86,100,0.0,0.0,0.0,0.848611,0.207389,0.02496,0.790213,0.203902,0.00624,610.0,210
85,2026-07-19T18:10:01.370114,46.57,100,0.0,0.0,0.0,0.848611,0.207389,0.02496,0.787681,0.203636,0.00586,633.0,229
86,2026-07-19T18:10:01.948210,47.15,100,0.0,0.0,0.0,0.848611,0.207389,0.02496,0.789206,0.203785,0.005715,626.0,225
87,2026-07-19T18:10:02.511507,47.72,100,0.0,0.0,0.0,0.848611,0.207389,0.027956,0.789939,0.203597,0.006311,625.0,218
88,2026-07-19T18:10:03.095787,48.3,100,0.0,0.0,0.0,0.848611,0.207389,0.027956,0.794296,0.203799,0.007271,616.0,190
89,2026-07-19T18:10:03.641388,48.85,100,0.0,0.0,0.0,0.848611,0.207389,0.027956,0.796214,0.203529,0.007048,616.0,191
90,2026-07-19T18:10:04.197371,49.4,100,0.0,0.0,0.0,0.848611,0.207389,0.027956,0.796374,0.203377,0.007097,616.0,192
91,2026-07-19T18:10:04.766644,49.97,100,0.0,0.0,0.0,0.852778,0.207389,0.027956,0.801119,0.202627,0.006988,615.0,208
92,2026-07-19T18:10:05.337093,50.54,100,0.0,0.0,0.0,0.852778,0.207389,0.027575,0.797391,0.202155,0.005547,615.0,226
93,2026-07-19T18:10:05.935916,51.14,100,0.0,0.0,0.0,0.852778,0.207389,0.027575,0.79907,0.202308,0.006235,626.0,225
94,2026-07-19T18:10:06.441431,51.65,100,0.0,0.0,0.0,0.852778,0.207389,0.027575,0.79727,0.202292,0.005923,625.0,233
95,2026-07-19T18:10:07.019140,52.22,100,0.0,0.0,0.0,0.852778,0.207389,0.027575,0.79686,0.20186,0.005681,626.0,243
96,2026-07-19T18:10:07.550518,52.75,100,0.0,0.0,0.0,0.852778,0.207389,0.027575,0.799656,0.201713,0.006028,614.0,228
97,2026-07-19T18:10:08.220887,53.43,100,0.0,0.0,0.0,0.861111,0.207389,0.027721,0.80118,0.202518,0.006419,601.0,212
98,2026-07-19T18:10:08.870943,54.08,100,0.0,0.0,0.0,0.861111,0.207389,0.027721,0.802652,0.202502,0.006686,603.0,210
99,2026-07-19T18:10:09.339190,54.54,100,0.0,0.0,0.0,0.861111,0.207389,0.027721,0.801319,0.202337,0.00632,606.0,218
100,2026-07-19T18:10:09.572144,54.78,100,0.0,0.0,0.0,0.861111,0.207389,0.027721,0.803325,0.202551,0.00629,599.0,209
101,2026-07-19T18:10:09.843783,55.05,100,0.0,0.0,0.0,0.861111,0.207389,0.027721,0.805558,0.203216,0.006792,613.0,206
102,2026-07-19T18:10:10.055666,55.26,100,0.0,0.0,0.0,0.861111,0.207389,0.027721,0.806504,0.203705,0.007195,613.0,197
103,2026-07-19T18:10:10.288627,55.49,100,0.0,0.0,0.0,0.861111,0.207389,0.027721,0.806918,0.20356,0.007163,617.0,191
104,2026-07-19T18:10:10.498662,55.7,100,0.0,0.0,0.0,0.861111,0.207389,0.027721,0.806514,0.203685,0.006674,607.0,186
105,2026-07-19T18:10:10.724364,55.93,100,0.0,0.0,0.0,0.861111,0.207389,0.027721,0.808049,0.203969,0.006996,615.0,186
106,2026-07-19T18:10:10.960799,56.17,100,0.0,0.0,0.0,0.861111,0.207389,0.027721,0.805986,0.203721,0.006397,620.0,203
107,2026-07-19T18:10:11.200924,56.41,100,0.0,0.0,0.0,0.861111,0.207389,0.027721,0.809159,0.203822,0.006884,617.0,187
108,2026-07-19T18:10:11.439475,56.64,100,0.0,0.0,0.0,0.861111,0.207389,0.027721,0.808323,0.203864,0.006755,613.0,191
109,2026-07-19T18:10:11.727097,56.93,100,0.0,0.0,0.0,0.861111,0.207389,0.027721,0.808538,0.203739,0.006753,614.0,189
110,2026-07-19T18:10:11.972346,57.18,100,0.0,0.0,0.0,0.861111,0.207389,0.027721,0.808257,0.203707,0.006693,615.0,192
111,2026-07-19T18:10:12.186312,57.39,100,0.0,0.0,0.0,0.861111,0.207389,0.027721,0.808892,0.203611,0.006768,620.0,188
112,2026-07-19T18:10:12.417056,57.62,100,0.0,0.0,0.0,0.861111,0.207389,0.027721,0.808775,0.203547,0.006692,624.0,191
113,2026-07-19T18:10:12.713849,57.92,100,0.0,0.0,0.0,0.861111,0.207389,0.027721,0.807831,0.203524,0.006038,618.0,195
114,2026-07-19T18:10:12.915065,58.12,100,0.0,0.0,0.0,0.861111,0.207389,0.027721,0.809241,0.203565,0.00609,617.0,191
115,2026-07-19T18:10:13.132506,58.34,100,0.0,0.0,0.0,0.861111,0.207389,0.027721,0.81015,0.203795,0.006255,619.0,182
116,2026-07-19T18:10:13.365186,58.57,100,0.0,0.0,0.0,0.861111,0.207389,0.027721,0.810957,0.203601,0.006072,615.0,179
117,2026-07-19T18:10:13.584834,58.79,100,0.0,0.0,0.0,0.861111,0.207389,0.027721,0.810334,0.203738,0.006067,618.0,178
118,2026-07-19T18:10:13.874636,59.08,100,0.0,0.0,0.0,0.861111,0.207389,0.027721,0.810638,0.204103,0.006062,616.0,174
119,2026-07-19T18:10:14.082074,59.29,100,0.0,0.0,0.0,0.861111,0.207389,0.027721,0.80976,0.203893,0.006009,614.0,178
120,2026-07-19T18:10:14.339972,59.54,100,0.0,0.0,0.0,0.861111,0.207389,0.027721,0.808953,0.20334,0.005864,619.0,188
121,2026-07-19T18:10:14.548112,59.75,100,0.0,0.0,0.0,0.861111,0.207389,0.031198,0.807773,0.202873,0.006053,623.0,195
122,2026-07-19T18:10:14.804491,60.01,100,0.0,0.0,0.0,0.861111,0.207389,0.031198,0.807773,0.202873,0.006053,623.0,195
123,2026-07-19T18:10:15.055059,60.26,100,0.0,0.0,0.0,0.861111,0.207389,0.031198,0.808023,0.20267,0.006257,622.0,196
124,2026-07-19T18:10:15.264784,60.47,100,0.0,0.0,0.0,0.863889,0.207389,0.031198,0.806014,0.202253,0.005907,619.0,211
125,2026-07-19T18:10:15.503432,60.71,100,0.0,0.0,0.0,0.863889,0.207389,0.031198,0.806043,0.202393,0.005952,623.0,210
126,2026-07-19T18:10:15.738617,60.94,100,0.0,0.0,0.0,0.863889,0.207389,0.031198,0.806293,0.202393,0.006096,626.0,210
127,2026-07-19T18:10:15.997397,61.2,100,0.0,0.0,0.0,0.863889,0.207389,0.031198,0.807779,0.202572,0.006309,627.0,202
128,2026-07-19T18:10:16.214633,61.42,100,0.0,0.0,0.0,0.863889,0.207389,0.031198,0.808084,0.202531,0.006536,626.0,204
129,2026-07-19T18:10:16.504141,61.71,100,0.0,0.0,0.0,0.863889,0.207389,0.031198,0.807231,0.202483,0.005995,624.0,211
130,2026-07-19T18:10:16.718591,61.92,100,0.0,0.0,0.0,0.863889,0.207389,0.031198,0.807989,0.202843,0.006161,624.0,206
131,2026-07-19T18:10:16.944218,62.15,100,0.0,0.0,0.0,0.863889,0.207389,0.031198,0.80755,0.202855,0.00618,623.0,210
132,2026-07-19T18:10:17.179944,62.38,100,0.0,0.0,0.0,0.863889,0.207389,0.031198,0.808056,0.202847,0.006251,627.0,217
133,2026-07-19T18:10:17.400202,62.6,100,0.0,0.0,0.0,0.863889,0.207389,0.030059,0.809142,0.202769,0.006195,623.0,219
134,2026-07-19T18:10:17.622499,62.83,100,0.0,0.0,0.0,0.863889,0.207389,0.030059,0.809516,0.202853,0.006204,628.0,216
135,2026-07-19T18:10:17.863373,63.07,100,0.0,0.0,0.0,0.863889,0.207389,0.030059,0.810261,0.202789,0.006574,631.0,210
136,2026-07-19T18:10:18.064736,63.27,100,0.0,0.0,0.0,0.863889,0.207389,0.030059,0.811016,0.202672,0.007055,637.0,214
137,2026-07-19T18:10:18.302996,63.51,100,0.0,0.0,0.0,0.863889,0.207389,0.030059,0.81141,0.202652,0.007187,640.0,215
138,2026-07-19T18:10:18.516693,63.72,100,0.0,0.0,0.0,0.863889,0.207389,0.030059,0.810046,0.202135,0.007084,639.0,224
139,2026-07-19T18:10:18.749115,63.95,100,0.0,0.0,0.0,0.863889,0.207389,0.030059,0.809824,0.202135,0.006842,642.0,224
140,2026-07-19T18:10:19.029018,64.23,100,0.0,0.0,0.0,0.863889,0.207389,0.030059,0.810205,0.20206,0.007077,647.0,221
141,2026-07-19T18:10:19.251295,64.46,100,0.0,0.0,0.0,0.863889,0.207389,0.030059,0.811502,0.202304,0.007242,653.0,211
142,2026-07-19T18:10:19.488318,64.69,100,0.0,0.0,0.0,0.863889,0.207389,0.030059,0.811669,0.202105,0.007157,652.0,212
143,2026-07-19T18:10:19.699475,64.9,100,0.0,0.0,0.0,0.863889,0.207389,0.030059,0.811587,0.202264,0.007078,652.0,210
144,2026-07-19T18:10:19.914775,65.12,100,0.0,0.0,0.0,0.863889,0.207389,0.030059,0.810505,0.201913,0.00688,648.0,220
145,2026-07-19T18:10:20.132062,65.34,100,0.0,0.0,0.0,0.863889,0.207389,0.030059,0.809972,0.201823,0.006687,644.0,224
146,2026-07-19T18:10:20.400953,65.61,100,0.0,0.0,0.0,0.863889,0.207389,0.030059,0.809862,0.201512,0.0066,649.0,233
147,2026-07-19T18:10:20.613558,65.82,100,0.0,0.0,0.0,0.863889,0.207389,0.030059,0.809469,0.20142,0.00661,645.0,231
148,2026-07-19T18:10:20.866576,66.07,100,0.0,0.0,0.0,0.863889,0.207389,0.030059,0.809427,0.201414,0.006521,645.0,232
149,2026-07-19T18:10:21.106410,66.31,100,0.0,0.0,0.0,0.863889,0.207389,0.030059,0.808387,0.201337,0.006338,651.0,242
150,2026-07-19T18:10:21.333848,66.54,100,0.0,0.0,0.0,0.863889,0.207389,0.030059,0.808277,0.201354,0.006424,651.0,241
151,2026-07-19T18:10:21.562598,66.77,100,0.0,0.0,0.0,0.863889,0.207389,0.030059,0.809315,0.201324,0.006698,657.0,242
152,2026-07-19T18:10:21.794155,67.0,100,0.0,0.0,0.0,0.863889,0.207389,0.030059,0.808133,0.201035,0.006658,658.0,249
153,2026-07-19T18:10:22.019067,67.22,100,0.0,0.0,0.0,0.863889,0.207389,0.030059,0.806513,0.20054,0.006564,656.0,262
154,2026-07-19T18:10:22.234826,67.44,100,0.0,0.0,0.0,0.863889,0.207389,0.030059,0.807687,0.20069,0.006791,660.0,255
155,2026-07-19T18:10:22.465085,67.67,100,0.0,0.0,0.0,0.863889,0.207389,0.030059,0.808162,0.200695,0.006807,657.0,254
156,2026-07-19T18:10:22.709901,67.91,100,0.0,0.0,0.0,0.863889,0.207389,0.030059,0.808267,0.200451,0.006714,661.0,253
157,2026-07-19T18:10:22.965004,68.17,100,0.0,0.0,0.0,0.863889,0.207389,0.030059,0.806359,0.200109,0.005567,650.0,263
158,2026-07-19T18:10:23.187681,68.39,100,0.0,0.0,0.0,0.863889,0.207389,0.030059,0.80581,0.199598,0.005542,653.0,273
159,2026-07-19T18:10:23.497888,68.7,100,0.0,0.0,0.0,0.863889,0.207389,0.030059,0.806517,0.199913,0.005281,652.0,266
160,2026-07-19T18:10:23.856177,69.06,100,0.0,0.0,0.0,0.863889,0.207389,0.030059,0.807528,0.200067,0.005563,655.0,260
161,2026-07-19T18:10:24.377293,69.58,100,0.0,0.0,0.0,0.863889,0.207389,0.030059,0.80739,0.199845,0.005887,656.0,262
162,2026-07-19T18:10:25.057343,70.26,100,0.0,0.0,0.0,0.863889,0.207389,0.030059,0.806516,0.199974,0.005886,661.0,263
163,2026-07-19T18:10:25.657045,70.86,100,0.0,0.0,0.0,0.863889,0.207389,0.030059,0.80688,0.199932,0.005939,658.0,262
164,2026-07-19T18:10:26.178686,71.38,100,0.0,0.0,0.0,0.863889,0.207389,0.030059,0.806999,0.199934,0.005847,659.0,262
165,2026-07-19T18:10:26.728402,71.93,100,0.0,0.0,0.0,0.864444,0.207389,0.044194,0.807068,0.199793,0.006217,669.0,267
166,2026-07-19T18:10:27.372925,72.58,100,0.0,0.0,0.0,0.864444,0.207389,0.044194,0.807588,0.199711,0.006832,669.0,267
167,2026-07-19T18:10:27.913895,73.12,100,0.0,0.0,0.0,0.864444,0.207389,0.044194,0.807141,0.19961,0.006779,668.0,268
168,2026-07-19T18:10:28.212856,73.42,100,0.0,0.0,0.0,0.864444,0.207389,0.044194,0.807708,0.19969,0.006881,672.0,264
169,2026-07-19T18:10:28.495068,73.7,100,0.0,0.0,0.0,0.864444,0.207389,0.044194,0.808845,0.199783,0.00691,679.0,259
170,2026-07-19T18:10:28.803029,74.01,100,0.0,0.0,0.0,0.864444,0.207389,0.044194,0.807001,0.199384,0.006619,672.0,267
171,2026-07-19T18:10:29.386381,74.59,100,0.0,0.0,0.0,0.864444,0.207389,0.044194,0.807204,0.199289,0.006665,674.0,265
172,2026-07-19T18:10:30.022132,75.23,100,0.0,0.0,0.0,0.864444,0.207389,0.044194,0.806576,0.19894,0.006692,671.0,269
173,2026-07-19T18:10:30.679552,75.88,100,0.0,0.0,0.0,0.864444,0.207389,0.044194,0.807283,0.198891,0.006882,672.0,264
174,2026-07-19T18:10:31.253418,76.46,100,0.0,0.0,0.0,0.864444,0.207389,0.044194,0.807649,0.198967,0.00692,672.0,261
175,2026-07-19T18:10:31.869547,77.07,100,0.0,0.0,0.0,0.864444,0.207389,0.044194,0.806434,0.198599,0.006822,664.0,269
176,2026-07-19T18:10:32.533663,77.74,100,0.0,0.0,0.0,0.864444,0.207389,0.044194,0.806502,0.198743,0.006851,664.0,269
177,2026-07-19T18:10:32.966682,78.17,100,0.0,0.0,0.0,0.864444,0.207389,0.044194,0.807042,0.199051,0.006854,662.0,263
178,2026-07-19T18:10:33.580864,78.79,100,0.0,0.0,0.0,0.864444,0.207389,0.044194,0.806417,0.198669,0.006609,660.0,271
179,2026-07-19T18:10:34.110311,79.31,100,0.0,0.0,0.0,0.864444,0.207389,0.044194,0.806817,0.198504,0.006616,661.0,266
180,2026-07-19T18:10:34.725733,79.93,100,0.0,0.0,0.0,0.864444,0.207389,0.044194,0.805592,0.198051,0.006598,663.0,275
181,2026-07-19T18:10:35.260079,80.46,100,0.0,0.0,0.0,0.864444,0.207389,0.044194,0.805525,0.19768,0.006659,661.0,274
182,2026-07-19T18:10:35.833437,81.04,100,0.0,0.0,0.0,0.864444,0.207389,0.044194,0.806433,0.197829,0.006812,661.0,271
183,2026-07-19T18:10:36.546351,81.75,100,0.0,0.0,0.0,0.864444,0.207389,0.044194,0.805509,0.197545,0.006656,659.0,279
184,2026-07-19T18:10:37.062352,82.27,100,0.0,0.0,0.0,0.864444,0.207389,0.044194,0.803471,0.197049,0.0062,656.0,291
185,2026-07-19T18:10:37.548929,82.75,100,0.0,0.0,0.0,0.864444,0.207389,0.044194,0.804281,0.197369,0.00621,655.0,290
186,2026-07-19T18:10:38.132831,83.34,100,0.0,0.0,0.0,0.864444,0.207389,0.044194,0.805015,0.197809,0.006393,660.0,284
187,2026-07-19T18:10:38.769106,83.97,100,0.0,0.0,0.0,0.864444,0.207389,0.044194,0.804272,0.197712,0.006263,654.0,287
188,2026-07-19T18:10:39.409063,84.61,100,0.0,0.0,0.0,0.864444,0.207389,0.044194,0.803982,0.197651,0.006268,646.0,283
189,2026-07-19T18:10:39.958074,85.16,100,0.0,0.0,0.0,0.864444,0.207389,0.044194,0.804002,0.197126,0.006222,640.0,287
190,2026-07-19T18:10:40.523038,85.73,100,0.0,0.0,0.0,0.864444,0.207389,0.044194,0.802435,0.196409,0.005507,633.0,297
191,2026-07-19T18:10:41.109886,86.31,100,0.0,0.0,0.0,0.864444,0.207389,0.044194,0.803122,0.196267,0.005694,638.0,296
192,2026-07-19T18:10:41.644961,86.85,100,0.0,0.0,0.0,0.864444,0.207389,0.044194,0.804315,0.196684,0.005834,640.0,292
193,2026-07-19T18:10:42.228201,87.43,100,0.0,0.0,0.0,0.864444,0.207389,0.044194,0.804078,0.196464,0.005629,637.0,297
194,2026-07-19T18:10:42.742942,87.95,100,0.0,0.0,0.0,0.864444,0.207389,0.044194,0.806228,0.196525,0.005797,638.0,291
195,2026-07-19T18:10:43.232053,88.44,100,0.0,0.0,0.0,0.864444,0.207389,0.044194,0.805325,0.196712,0.005888,638.0,290
196,2026-07-19T18:10:43.739576,88.94,100,0.0,0.0,0.0,0.864444,0.207389,0.044194,0.80563,0.196638,0.005915,638.0,291
197,2026-07-19T18:10:44.269675,89.47,100,0.0,0.0,0.0,0.864444,0.207389,0.044194,0.804817,0.196449,0.00577,635.0,296
198,2026-07-19T18:10:44.831748,90.04,100,0.0,0.0,0.0,0.864444,0.207389,0.044194,0.802822,0.196204,0.005706,634.0,305
199,2026-07-19T18:10:45.414879,90.62,100,0.0,0.0,0.0,0.864444,0.207389,0.044194,0.800223,0.196154,0.005367,630.0,314
200,2026-07-19T18:10:45.939313,91.14,100,0.0,0.0,0.0,0.864444,0.207389,0.044194,0.801386,0.196888,0.005514,632.0,307
